{
  "FilterHeaders": [
    {
      "Header": "x-goog-encode-response-if-executable",
      "IncludeInScript": true
    },
    {
      "Header": "x-goog-api-key",
      "IncludeInScript": true
    },
    {
      "Header": "user-agent",
      "IncludeInScript": false
    },
    {
      "Header": "upgrade-insecure-requests",
      "IncludeInScript": true
    },
    {
      "Header": "sec-fetch-site",
      "IncludeInScript": true
    },
    {
      "Header": "sec-fetch-mode",
      "IncludeInScript": true
    },
    {
      "Header": "sec-fetch-dest",
      "IncludeInScript": true
    },
    {
      "Header": "if-none-match",
      "IncludeInScript": false
    },
    {
      "Header": "accept-language",
      "IncludeInScript": false
    },
    {
      "Header": "accept-encoding",
      "IncludeInScript": false
    },
    {
      "Header": "accept",
      "IncludeInScript": false
    },
    {
      "Header": "a-im",
      "IncludeInScript": true
    }
  ],
  "FilterResources": [
    {
      "IsNonResource": false,
      "type": "text/plain"
    },
    {
      "IsNonResource": true,
      "type": "text/html"
    },
    {
      "IsNonResource": false,
      "type": "image/png"
    },
    {
      "IsNonResource": false,
      "type": "image/gif"
    },
    {
      "IsNonResource": true,
      "type": "application/json"
    }
  ],
  "GeneralInfo": {
    "BrowserVersion": "",
    "IsWinInetMode": false,
    "MaxUsedConnections": 6,
    "RecordedBrowser": "Chrome",
    "RecordingDate": "Jun-10-2020",
    "RecordingDuration": 298657,
    "RecordingMode": "N/A",
    "RecordingTimeStamp": 1591774107,
    "RecordingType": "Browser",
    "TotalBytesReceived": 10690,
    "TotalBytesSent": 6273,
    "TotalRequests": 12,
    "UserAgent": "Mozilla/5.0 (Windows NT 10.0; Win64; x64) AppleWebKit/537.36 (KHTML, like Gecko) Chrome/83.0.4103.106 Safari/537.36"
  },
  "HostInfo": [
    {
      "DomainName": "googleapis.com",
      "Domains": [
        {
          "HTTPVersion": "HTTP/1.1",
          "IP": "172.217.194.95",
          "IncludeInScript": true,
          "Name": "www.googleapis.com",
          "Port": 443,
          "Requests": [
            {
              "CompressionType": "gzip",
              "DataType": "application/json",
              "DownloadTime": 313,
              "EventId": 381,
              "HttpStatus": 200,
              "Size": 358,
              "URL": "https://www.googleapis.com/oauth2/v4/token"
            }
          ],
          "SSLCipher": "",
          "SSLVersion": ""
        },
        {
          "HTTPVersion": "HTTP/1.1",
          "IP": "172.217.194.95",
          "IncludeInScript": true,
          "Name": "content-autofill.googleapis.com",
          "Port": 443,
          "Requests": [
            {
              "CompressionType": "gzip",
              "DataType": "text/plain",
              "DownloadTime": 313,
              "EventId": 423,
              "HttpStatus": 200,
              "Size": 44,
              "URL": "https://content-autofill.googleapis.com/v1/pages/Chc2LjEuMTcxNS4xNDQyL2VuIChHR0xMKRIlCRIu3Bf5AtzgEgsN541ADhIAGgAiABILDc5BTHoSABoAIgAaAA==?alt=proto"
            }
          ],
          "SSLCipher": "TLS_AES_256_GCM_SHA384",
          "SSLVersion": "TLS1.3"
        },
        {
          "HTTPVersion": "HTTP/1.1",
          "IP": "74.125.24.94",
          "IncludeInScript": true,
          "Name": "clientservices.googleapis.com",
          "Port": 443,
          "Requests": [
            {
              "CompressionType": "",
              "DataType": "",
              "DownloadTime": 297,
              "EventId": 377,
              "HttpStatus": 304,
              "Size": 0,
              "URL": "https://clientservices.googleapis.com/chrome-variations/seed?osname=win&channel=stable&milestone=83"
            }
          ],
          "SSLCipher": "TLS_AES_256_GCM_SHA384",
          "SSLVersion": "TLS1.3"
        }
      ],
      "IncludeInScript": true
    },
    {
      "DomainName": "google.com",
      "Domains": [
        {
          "HTTPVersion": "HTTP/1.1",
          "IP": "172.253.118.138",
          "IncludeInScript": false,
          "Name": "clients1.google.com",
          "Port": 443,
          "Requests": [
            {
              "CompressionType": "gzip",
              "DataType": "text/html",
              "DownloadTime": 343,
              "EventId": 631,
              "HttpStatus": 200,
              "Size": 121,
              "URL": "https://clients1.google.com/tools/pso/ping?as=chrome&brand=CHBD&pid=&hl=en&rep=2&rlz=C1:1C1CHBD_enJP827JP827,C2:1C2CHBD_enJP827,C7:1C7CHBD_enJP827"
            }
          ],
          "SSLCipher": "TLS_AES_256_GCM_SHA384",
          "SSLVersion": "TLS1.3"
        },
        {
          "HTTPVersion": "HTTP/1.1",
          "IP": "172.217.194.138",
          "IncludeInScript": false,
          "Name": "android.clients.google.com",
          "Port": 443,
          "Requests": [
            {
              "CompressionType": "gzip",
              "DataType": "text/plain",
              "DownloadTime": 687,
              "EventId": 563,
              "HttpStatus": 200,
              "Size": 167,
              "URL": "https://android.clients.google.com/c2dm/register3"
            },
            {
              "CompressionType": "gzip",
              "DataType": "text/plain",
              "DownloadTime": 406,
              "EventId": 557,
              "HttpStatus": 200,
              "Size": 168,
              "URL": "https://android.clients.google.com/c2dm/register3"
            },
            {
              "CompressionType": "gzip",
              "DataType": "text/plain",
              "DownloadTime": 422,
              "EventId": 551,
              "HttpStatus": 200,
              "Size": 157,
              "URL": "https://android.clients.google.com/c2dm/register3"
            }
          ],
          "SSLCipher": "TLS_AES_256_GCM_SHA384",
          "SSLVersion": "TLS1.3"
        }
      ],
      "IncludeInScript": true
    },
    {
      "DomainName": "16.43.99.60",
      "Domains": [
        {
          "HTTPVersion": "HTTP/1.1",
          "IP": "16.43.99.60",
          "IncludeInScript": true,
          "Name": "16.43.99.60",
          "Port": 1080,
          "Requests": [
            {
              "CompressionType": "",
              "DataType": "text/html",
              "DownloadTime": 562,
              "EventId": 419,
              "HttpStatus": 404,
              "Size": 209,
              "URL": "http://16.43.99.60:1080/favicon.ico"
            },
            {
              "CompressionType": "",
              "DataType": "image/gif",
              "DownloadTime": 297,
              "EventId": 412,
              "HttpStatus": 200,
              "Size": 679,
              "URL": "http://16.43.99.60:1080/WebTours/images/mer_login.gif"
            },
            {
              "CompressionType": "",
              "DataType": "text/html",
              "DownloadTime": 1219,
              "EventId": 408,
              "HttpStatus": 200,
              "Size": 1489,
              "URL": "http://16.43.99.60:1080/cgi-bin/nav.pl?in=home"
            },
            {
              "CompressionType": "",
              "DataType": "text/html",
              "DownloadTime": 297,
              "EventId": 389,
              "HttpStatus": 200,
              "Size": 1361,
              "URL": "http://16.43.99.60:1080/WebTours/home.html"
            },
            {
              "CompressionType": "",
              "DataType": "text/html",
              "DownloadTime": 1000,
              "EventId": 379,
              "HttpStatus": 200,
              "Size": 686,
              "URL": "http://16.43.99.60:1080/cgi-bin/welcome.pl?signOff=true"
            },
            {
              "CompressionType": "",
              "DataType": "image/png",
              "DownloadTime": 312,
              "EventId": 373,
              "HttpStatus": 200,
              "Size": 4187,
              "URL": "http://16.43.99.60:1080/WebTours/images/webtours.png"
            },
            {
              "CompressionType": "",
              "DataType": "image/png",
              "DownloadTime": 344,
              "EventId": 365,
              "HttpStatus": 200,
              "Size": 601,
              "URL": "http://16.43.99.60:1080/WebTours/images/hp_logo.png"
            },
            {
              "CompressionType": "",
              "DataType": "text/html",
              "DownloadTime": 297,
              "EventId": 361,
              "HttpStatus": 200,
              "Size": 710,
              "URL": "http://16.43.99.60:1080/WebTours/header.html"
            },
            {
              "CompressionType": "",
              "DataType": "text/html",
              "DownloadTime": 531,
              "EventId": 348,
              "HttpStatus": 200,
              "Size": 366,
              "URL": "http://16.43.99.60:1080/WebTours/index.htm"
            }
          ],
          "SSLCipher": "None",
          "SSLVersion": "None"
        }
      ],
      "IncludeInScript": true
    }
  ],
  "WebSocket": {
    "IncludeInScript": false,
    "IsScriptIncludeWebSocket": false
  },
  "NumberOfCorrelations": 0
}